{"cameraMode":{"drawMode":0,"name":"Shaded","section":"Shading Mode"},"sceneLighting":false,"audioPlay":false,"sceneViewState":{"showFog":true,"showMaterialUpdate":false,"showSkybox":false,"showFlares":true,"showImageEffects":true,"showParticleSystems":true},"in2DMode":false,"pivot":{"x":-21.93853759765625,"y":8.977875709533692,"z":32.34453582763672},"rotation":{"x":0.06182262301445007,"y":-0.9351871609687805,"z":-0.20490126311779023,"w":-0.2822120785713196},"size":13.721220016479493,"orthographic":false}