{"cameraMode":{"drawMode":0,"name":"Shaded","section":"Shading Mode"},"sceneLighting":true,"audioPlay":false,"sceneViewState":{"showFog":true,"showMaterialUpdate":false,"showSkybox":true,"showFlares":true,"showImageEffects":true,"showParticleSystems":true},"in2DMode":false,"pivot":{"x":-8.547807693481446,"y":-8.877274513244629,"z":30.40964698791504},"rotation":{"x":-0.2212483286857605,"y":0.684612512588501,"z":-0.23129604756832124,"w":-0.6548722982406616},"size":94.95178985595703,"orthographic":false}